07-15-2023_18-15,0,737.0,737.0,737.0
07-15-2023_18-55,0,-43.98,-60.0,741.0
07-15-2023_19-02,1,351.58,-60.0,741.0
07-15-2023_19-05,2,741.22,741.0,752.0
07-15-2023_19-08,3,746.5,741.0,752.0
07-15-2023_19-13,4,752.0,752.0,752.0
07-15-2023_19-20,5,752.0,752.0,752.0
07-15-2023_19-26,6,773.64,741.0,1845.0
07-15-2023_19-32,7,1298.5,752.0,1845.0
07-15-2023_19-38,8,1845.62,1845.0,1866.0
07-15-2023_19-44,9,1860.5,1855.0,1866.0
07-15-2023_19-49,10,1868.06,1866.0,1938.0
07-15-2023_19-55,11,1944.06,1855.0,3017.0
07-15-2023_20-01,12,2647.0,2277.0,3017.0
07-15-2023_20-09,13,3017.0,3017.0,3017.0
07-15-2023_20-16,14,3017.0,3017.0,3017.0
07-15-2023_20-24,15,3017.0,3017.0,3017.0
07-15-2023_20-31,16,3017.0,3017.0,3017.0
07-15-2023_20-39,17,3017.0,3017.0,3017.0
07-15-2023_20-46,18,3017.0,3017.0,3017.0
07-15-2023_20-53,19,3017.0,3017.0,3017.0
07-15-2023_21-00,20,3017.0,3017.0,3017.0
07-15-2023_21-08,21,3017.0,3017.0,3017.0
07-15-2023_21-15,22,3017.0,3017.0,3017.0
07-15-2023_21-23,23,3017.0,3017.0,3017.0
07-15-2023_21-30,24,3017.0,3017.0,3017.0
07-15-2023_21-37,25,3017.0,3017.0,3017.0
07-15-2023_21-44,26,3017.0,3017.0,3017.0
07-15-2023_21-52,27,3017.0,3017.0,3017.0
07-15-2023_21-59,28,3017.0,3017.0,3017.0
07-15-2023_22-07,29,3017.0,3017.0,3017.0
07-15-2023_22-14,30,3017.0,3017.0,3017.0
07-15-2023_22-22,31,3017.0,3017.0,3017.0
07-15-2023_22-29,32,3017.0,3017.0,3017.0
07-15-2023_22-37,33,3017.0,3017.0,3017.0
07-15-2023_22-45,34,3017.0,3017.0,3017.0
07-15-2023_22-53,35,3017.0,3017.0,3017.0
07-15-2023_23-01,36,3017.0,3017.0,3017.0
07-15-2023_23-08,37,3017.0,3017.0,3017.0
07-15-2023_23-16,38,3017.0,3017.0,3017.0
07-15-2023_23-24,39,3017.0,3017.0,3017.0
07-15-2023_23-32,40,3017.0,3017.0,3017.0
07-15-2023_23-39,41,3017.0,3017.0,3017.0
07-15-2023_23-46,42,3017.0,3017.0,3017.0
07-15-2023_23-53,43,3017.0,3017.0,3017.0
07-16-2023_00-01,44,3017.0,3017.0,3017.0
07-16-2023_00-08,45,3017.0,3017.0,3017.0
07-16-2023_00-16,46,3017.0,3017.0,3017.0
07-16-2023_00-23,47,3017.0,3017.0,3017.0
07-16-2023_00-30,48,3017.0,3017.0,3017.0
07-16-2023_00-38,49,3017.0,3017.0,3017.0
07-16-2023_00-46,50,3017.0,3017.0,3017.0
07-16-2023_00-54,51,3017.0,3017.0,3017.0
07-16-2023_01-01,52,3017.0,3017.0,3017.0
07-16-2023_01-09,53,3017.0,3017.0,3017.0
07-16-2023_01-17,54,3017.0,3017.0,3017.0
07-16-2023_01-25,55,3017.0,3017.0,3017.0
07-16-2023_01-32,56,3017.0,3017.0,3017.0
07-16-2023_01-40,57,3017.0,3017.0,3017.0
07-16-2023_01-47,58,3017.0,3017.0,3017.0
07-16-2023_01-55,59,3017.0,3017.0,3017.0
07-16-2023_02-03,60,3017.0,3017.0,3017.0
07-16-2023_02-10,61,3017.0,3017.0,3017.0
07-16-2023_02-18,62,3017.0,3017.0,3017.0
07-16-2023_02-25,63,3017.0,3017.0,3017.0
07-16-2023_02-33,64,3017.0,3017.0,3017.0
07-16-2023_02-40,65,3017.0,3017.0,3017.0
07-16-2023_02-48,66,3017.0,3017.0,3017.0
07-16-2023_02-56,67,3017.0,3017.0,3017.0
07-16-2023_03-04,68,3017.0,3017.0,3017.0
07-16-2023_03-11,69,3017.0,3017.0,3017.0
07-16-2023_03-19,70,3017.0,3017.0,3017.0
07-16-2023_03-26,71,3017.0,3017.0,3017.0
07-16-2023_03-34,72,3017.0,3017.0,3017.0
07-16-2023_03-42,73,3017.0,3017.0,3017.0
07-16-2023_03-50,74,3017.0,3017.0,3017.0
07-16-2023_03-57,75,3017.0,3017.0,3017.0
07-16-2023_04-05,76,3017.0,3017.0,3017.0
07-16-2023_04-13,77,3017.0,3017.0,3017.0
07-16-2023_04-21,78,3017.0,3017.0,3017.0
07-16-2023_04-29,79,3017.0,3017.0,3017.0
07-16-2023_04-37,80,3017.0,3017.0,3017.0
07-16-2023_04-44,81,3017.0,3017.0,3017.0
07-16-2023_04-52,82,3017.0,3017.0,3017.0
07-16-2023_05-00,83,3017.0,3017.0,3017.0
07-16-2023_05-08,84,3017.0,3017.0,3017.0
07-16-2023_05-15,85,3017.0,3017.0,3017.0
07-16-2023_05-23,86,3017.0,3017.0,3017.0
07-16-2023_05-31,87,3017.0,3017.0,3017.0
07-16-2023_05-38,88,3017.0,3017.0,3017.0
07-16-2023_05-46,89,3017.0,3017.0,3017.0
07-16-2023_07-57,90,3017.0,3017.0,3017.0
07-16-2023_08-05,91,3017.0,3017.0,3017.0
07-16-2023_08-11,92,3017.0,3017.0,3017.0
07-16-2023_08-18,93,3017.0,3017.0,3017.0
07-16-2023_08-25,94,3017.0,3017.0,3017.0
07-16-2023_08-32,95,3017.0,3017.0,3017.0
07-16-2023_08-39,96,3017.0,3017.0,3017.0
07-16-2023_08-46,97,3017.0,3017.0,3017.0
07-16-2023_08-54,98,3017.0,3017.0,3017.0
07-16-2023_09-01,99,3017.0,3017.0,3017.0
07-16-2023_09-09,100,3017.0,3017.0,3017.0
07-16-2023_09-16,101,3017.0,3017.0,3017.0
07-16-2023_09-24,102,3017.0,3017.0,3017.0
07-16-2023_09-31,103,3017.0,3017.0,3017.0
07-16-2023_09-38,104,3017.0,3017.0,3017.0
07-16-2023_09-43,0,221.86666666666667,143.0,284.0
07-16-2023_09-43,1,286.8,284.0,368.0
07-16-2023_09-44,2,410.0,284.0,536.0
07-16-2023_09-44,3,209.23333333333332,143.0,284.0
07-16-2023_09-45,4,295.46666666666664,284.0,628.0
07-16-2023_09-45,5,221.96666666666667,173.0,284.0
07-16-2023_09-46,6,249.0,214.0,284.0
07-16-2023_09-46,7,223.0,143.0,284.0
07-16-2023_09-47,8,284.0,284.0,284.0
07-16-2023_09-47,9,221.03333333333333,214.0,284.0
07-16-2023_09-47,10,251.33333333333334,214.0,284.0
07-16-2023_09-48,11,284.0,284.0,284.0
07-16-2023_09-48,12,217.3,173.0,284.0
07-16-2023_09-49,13,284.0,284.0,284.0
07-16-2023_09-49,14,212.53333333333333,143.0,284.0
07-16-2023_10-10,0,244.78,-200.0,1218.0
07-16-2023_10-27,1,279.66,-200.0,1218.0
07-16-2023_10-42,2,277.22,-200.0,1338.0
07-16-2023_10-54,3,363.44,-62.0,786.0
07-16-2023_11-06,4,515.74,258.0,1218.0
07-16-2023_11-16,5,384.34,-94.0,1218.0
07-16-2023_11-28,6,357.44,-62.0,1218.0
07-16-2023_11-41,7,310.36,-200.0,1218.0
07-16-2023_11-54,8,310.58,-200.0,1218.0
07-16-2023_12-03,9,436.5,436.0,437.0
07-16-2023_12-12,10,465.18,34.0,1044.0
07-16-2023_12-24,11,679.32,304.0,1044.0
07-16-2023_12-35,12,281.66,-32.0,1044.0
07-16-2023_12-47,13,392.48,249.0,1044.0
07-16-2023_12-59,14,517.1,236.0,1044.0
07-18-2023_07-26,0,246.16666666666666,243.0,304.0
07-18-2023_07-53,0,96.125,-200.0,290.0
07-18-2023_10-34,0,162.79166666666666,-94.0,290.0
07-18-2023_11-42,0,-12.5,-100.0,231.0
07-18-2023_11-54,1,243.0,243.0,243.0
07-18-2023_12-07,2,139.45833333333334,76.0,243.0
07-18-2023_12-19,3,109.08333333333333,22.0,243.0
07-18-2023_12-33,4,133.29166666666666,22.0,243.0
07-18-2023_12-44,5,240.0,240.0,240.0
07-18-2023_12-50,6,222.41666666666666,215.0,304.0
07-18-2023_12-58,7,243.0,243.0,243.0
07-18-2023_13-04,8,241.95833333333334,223.0,304.0
07-18-2023_13-11,9,177.0,76.0,243.0
07-18-2023_13-21,0,186.65,56.0,424.0
07-18-2023_13-25,1,424.0,424.0,424.0
07-18-2023_13-28,2,408.0,408.0,408.0
07-18-2023_13-32,3,255.3,123.0,424.0
07-18-2023_13-36,4,282.65,200.0,424.0
07-18-2023_13-38,5,237.6,200.0,304.0
07-18-2023_13-42,6,249.7,200.0,424.0
07-18-2023_13-46,7,424.0,424.0,424.0
07-18-2023_13-49,8,236.45,229.0,304.0
07-18-2023_13-53,9,219.35,120.0,424.0
07-18-2023_14-07,0,741.0,741.0,741.0
07-18-2023_14-09,0,680.0,680.0,680.0
07-18-2023_14-10,1,680.0,680.0,680.0
07-18-2023_14-11,2,680.0,680.0,680.0
07-18-2023_14-12,3,680.0,680.0,680.0
07-18-2023_14-14,0,-20.0,-20.0,-20.0
07-18-2023_14-14,1,-20.0,-20.0,-20.0
07-18-2023_14-15,2,-20.0,-20.0,-20.0
07-18-2023_14-16,3,-20.0,-20.0,-20.0
07-18-2023_14-16,4,54.375,-20.0,575.0
07-18-2023_14-17,5,277.5,-20.0,575.0
07-18-2023_14-18,6,575.0,575.0,575.0
07-18-2023_14-18,7,575.0,575.0,575.0
07-18-2023_14-19,8,575.0,575.0,575.0
07-18-2023_14-20,9,575.0,575.0,575.0
07-18-2023_14-20,10,575.0,575.0,575.0
07-18-2023_14-21,11,575.0,575.0,575.0
07-18-2023_14-22,12,575.0,575.0,575.0
07-18-2023_14-22,13,575.0,575.0,575.0
07-18-2023_14-23,14,575.0,575.0,575.0
07-18-2023_14-23,15,575.0,575.0,575.0
07-18-2023_14-24,16,575.0,575.0,575.0
07-18-2023_14-25,17,575.0,575.0,575.0
07-18-2023_14-25,18,595.25,575.0,737.0
07-18-2023_14-26,19,656.0,575.0,737.0
07-18-2023_14-27,20,737.0,737.0,737.0
07-18-2023_14-27,21,737.0,737.0,737.0
07-18-2023_14-28,22,737.0,737.0,737.0
07-18-2023_14-28,23,737.0,737.0,737.0
07-18-2023_14-29,24,737.0,737.0,737.0
07-18-2023_14-29,25,737.0,737.0,737.0
07-18-2023_14-30,26,737.0,737.0,737.0
07-18-2023_14-30,27,737.0,737.0,737.0
07-18-2023_14-31,28,737.0,737.0,737.0
07-18-2023_14-32,29,737.0,737.0,737.0
07-18-2023_14-32,30,737.0,737.0,737.0
07-18-2023_14-33,31,737.0,737.0,737.0
07-18-2023_14-33,32,737.0,737.0,737.0
07-18-2023_14-34,33,737.0,737.0,737.0
07-18-2023_14-35,34,737.0,737.0,737.0
07-18-2023_14-35,35,737.0,737.0,737.0
07-18-2023_14-36,36,737.0,737.0,737.0
07-18-2023_14-36,37,737.0,737.0,737.0
07-18-2023_14-37,38,737.0,737.0,737.0
07-18-2023_14-37,39,737.0,737.0,737.0
07-18-2023_14-38,40,737.0,737.0,737.0
07-18-2023_14-39,41,737.0,737.0,737.0
07-18-2023_14-39,42,737.0,737.0,737.0
07-18-2023_14-40,43,737.0,737.0,737.0
07-18-2023_14-40,44,737.0,737.0,737.0
07-18-2023_14-41,45,737.0,737.0,737.0
07-18-2023_14-42,46,737.0,737.0,737.0
07-18-2023_14-42,47,737.0,737.0,737.0
07-18-2023_14-43,48,737.0,737.0,737.0
07-18-2023_14-43,49,737.0,737.0,737.0
07-18-2023_14-50,0,-30.0,-30.0,-30.0
07-18-2023_14-51,1,-30.0,-30.0,-30.0
07-18-2023_14-51,2,-30.0,-30.0,-30.0
07-18-2023_14-52,3,-30.0,-30.0,-30.0
07-18-2023_14-53,4,-30.0,-30.0,-30.0
07-18-2023_14-54,5,-30.0,-30.0,-30.0
07-18-2023_14-55,6,-30.0,-30.0,-30.0
07-18-2023_14-56,7,-30.0,-30.0,-30.0
07-18-2023_14-57,8,65.875,-30.0,737.0
07-18-2023_14-57,9,449.375,-30.0,737.0
07-18-2023_14-58,10,737.0,737.0,737.0
07-18-2023_14-58,11,737.0,737.0,737.0
07-18-2023_14-59,12,737.0,737.0,737.0
07-18-2023_15-00,13,737.0,737.0,737.0
07-18-2023_15-00,14,737.0,737.0,737.0
07-18-2023_15-01,15,737.0,737.0,737.0
07-18-2023_15-01,16,737.0,737.0,737.0
07-18-2023_15-02,17,737.0,737.0,737.0
07-18-2023_15-02,18,737.0,737.0,737.0
07-18-2023_15-03,19,737.0,737.0,737.0
07-18-2023_15-03,20,737.0,737.0,737.0
07-18-2023_15-04,21,737.0,737.0,737.0
07-18-2023_15-04,22,737.0,737.0,737.0
07-18-2023_15-05,23,737.0,737.0,737.0
07-18-2023_15-05,24,737.0,737.0,737.0
07-18-2023_15-06,25,737.0,737.0,737.0
07-18-2023_15-07,26,737.0,737.0,737.0
07-18-2023_15-07,27,737.0,737.0,737.0
07-18-2023_15-08,28,737.0,737.0,737.0
07-18-2023_15-08,29,737.0,737.0,737.0
07-18-2023_15-09,30,737.0,737.0,737.0
07-18-2023_15-09,31,737.0,737.0,737.0
07-18-2023_15-10,32,737.0,737.0,737.0
07-18-2023_15-10,33,737.0,737.0,737.0
07-18-2023_15-11,34,737.0,737.0,737.0
07-18-2023_15-11,35,737.0,737.0,737.0
07-18-2023_15-12,36,737.0,737.0,737.0
07-18-2023_15-12,37,737.0,737.0,737.0
07-18-2023_15-13,38,737.0,737.0,737.0
07-18-2023_15-13,39,737.0,737.0,737.0
07-18-2023_15-14,40,737.0,737.0,737.0
07-18-2023_15-14,41,737.0,737.0,737.0
07-18-2023_15-15,42,737.0,737.0,737.0
07-18-2023_15-16,43,737.0,737.0,737.0
07-18-2023_15-16,44,737.0,737.0,737.0
07-18-2023_15-17,45,737.0,737.0,737.0
07-18-2023_15-17,46,737.0,737.0,737.0
07-18-2023_15-18,47,737.0,737.0,737.0
07-18-2023_15-18,48,737.0,737.0,737.0
07-18-2023_15-19,49,737.0,737.0,737.0
07-18-2023_15-19,50,737.0,737.0,737.0
07-18-2023_15-20,51,737.0,737.0,737.0
07-18-2023_15-20,52,737.0,737.0,737.0
07-18-2023_15-21,53,737.0,737.0,737.0
07-18-2023_15-21,54,737.0,737.0,737.0
07-18-2023_15-22,55,737.0,737.0,737.0
07-18-2023_15-22,56,737.0,737.0,737.0
07-18-2023_15-23,57,737.0,737.0,737.0
07-18-2023_15-24,58,737.0,737.0,737.0
07-18-2023_15-24,59,737.0,737.0,737.0
07-18-2023_15-25,60,737.0,737.0,737.0
07-18-2023_15-25,61,737.0,737.0,737.0
07-18-2023_15-26,62,737.0,737.0,737.0
07-18-2023_15-26,63,737.0,737.0,737.0
07-18-2023_15-27,64,737.0,737.0,737.0
07-18-2023_15-27,65,737.0,737.0,737.0
07-18-2023_15-28,66,737.0,737.0,737.0
07-18-2023_15-28,67,737.0,737.0,737.0
07-18-2023_15-29,68,737.0,737.0,737.0
07-18-2023_15-29,69,737.0,737.0,737.0
07-18-2023_15-30,70,737.0,737.0,737.0
07-18-2023_15-30,71,737.0,737.0,737.0
07-18-2023_15-31,72,737.0,737.0,737.0
07-18-2023_15-32,73,737.0,737.0,737.0
07-18-2023_15-32,74,737.0,737.0,737.0
07-18-2023_15-33,75,737.0,737.0,737.0
07-18-2023_15-33,76,737.0,737.0,737.0
07-18-2023_15-34,77,737.0,737.0,737.0
07-18-2023_15-34,78,737.0,737.0,737.0
07-18-2023_15-35,79,737.0,737.0,737.0
07-18-2023_15-35,80,737.0,737.0,737.0
07-18-2023_15-36,81,737.0,737.0,737.0
07-18-2023_15-36,82,737.0,737.0,737.0
07-18-2023_15-37,83,737.0,737.0,737.0
07-18-2023_15-37,84,737.0,737.0,737.0
07-18-2023_15-38,85,737.0,737.0,737.0
07-18-2023_15-38,86,737.0,737.0,737.0
07-18-2023_15-39,87,737.0,737.0,737.0
07-18-2023_15-40,88,737.0,737.0,737.0
07-18-2023_15-40,89,737.0,737.0,737.0
07-18-2023_15-41,90,737.0,737.0,737.0
07-18-2023_15-41,91,737.0,737.0,737.0
07-18-2023_15-42,92,737.0,737.0,737.0
07-18-2023_15-42,93,737.0,737.0,737.0
07-18-2023_15-43,94,737.0,737.0,737.0
07-18-2023_15-43,95,737.0,737.0,737.0
07-18-2023_15-44,96,737.0,737.0,737.0
07-18-2023_15-44,97,737.0,737.0,737.0
07-18-2023_15-45,98,737.0,737.0,737.0
07-18-2023_15-45,99,737.0,737.0,737.0
07-18-2023_15-46,100,737.0,737.0,737.0
07-18-2023_15-46,101,737.0,737.0,737.0
07-18-2023_15-47,102,737.0,737.0,737.0
07-18-2023_15-48,103,737.0,737.0,737.0
07-18-2023_15-48,104,737.0,737.0,737.0
07-18-2023_15-49,105,737.0,737.0,737.0
07-18-2023_15-49,106,737.0,737.0,737.0
07-18-2023_15-50,107,737.0,737.0,737.0
07-18-2023_15-50,108,737.0,737.0,737.0
07-18-2023_15-51,109,737.0,737.0,737.0
07-18-2023_15-51,110,737.0,737.0,737.0
07-18-2023_15-52,111,737.0,737.0,737.0
07-18-2023_15-53,112,737.0,737.0,737.0
07-18-2023_15-53,113,737.0,737.0,737.0
07-18-2023_15-54,114,737.0,737.0,737.0
07-18-2023_15-55,115,737.0,737.0,737.0
07-18-2023_15-55,116,737.0,737.0,737.0
07-18-2023_15-56,117,737.0,737.0,737.0
07-18-2023_15-57,118,737.0,737.0,737.0
07-18-2023_15-57,119,737.0,737.0,737.0
07-18-2023_15-58,120,737.0,737.0,737.0
07-18-2023_15-59,121,737.0,737.0,737.0
07-18-2023_15-59,122,737.0,737.0,737.0
07-18-2023_16-00,123,737.0,737.0,737.0
07-18-2023_16-00,124,737.0,737.0,737.0
07-18-2023_16-01,125,737.0,737.0,737.0
07-18-2023_16-02,126,737.0,737.0,737.0
07-18-2023_16-02,127,737.0,737.0,737.0
07-18-2023_16-03,128,737.0,737.0,737.0
07-18-2023_16-03,129,737.0,737.0,737.0
07-18-2023_16-04,130,737.0,737.0,737.0
07-18-2023_16-05,131,737.0,737.0,737.0
07-18-2023_16-05,132,737.0,737.0,737.0
07-18-2023_16-06,133,737.0,737.0,737.0
07-18-2023_16-07,134,737.0,737.0,737.0
07-18-2023_16-07,135,737.0,737.0,737.0
07-18-2023_16-08,136,737.0,737.0,737.0
07-18-2023_16-09,137,737.0,737.0,737.0
07-18-2023_16-09,138,737.0,737.0,737.0
07-18-2023_16-10,139,737.0,737.0,737.0
07-18-2023_16-11,140,737.0,737.0,737.0
07-18-2023_16-11,141,737.0,737.0,737.0
07-18-2023_16-12,142,737.0,737.0,737.0
07-18-2023_16-13,143,737.0,737.0,737.0
07-18-2023_16-13,144,737.0,737.0,737.0
07-18-2023_16-14,145,737.0,737.0,737.0
07-18-2023_16-15,146,737.0,737.0,737.0
07-18-2023_16-15,147,737.0,737.0,737.0
07-18-2023_16-16,148,737.0,737.0,737.0
07-18-2023_16-17,149,737.0,737.0,737.0
07-18-2023_16-17,150,737.0,737.0,737.0
07-18-2023_16-18,151,737.0,737.0,737.0
07-18-2023_16-19,152,737.0,737.0,737.0
07-18-2023_16-19,153,737.0,737.0,737.0
07-18-2023_16-20,154,737.0,737.0,737.0
07-18-2023_16-21,155,737.0,737.0,737.0
07-18-2023_16-21,156,737.0,737.0,737.0
07-18-2023_16-22,157,737.0,737.0,737.0
07-18-2023_16-22,158,737.0,737.0,737.0
07-18-2023_16-23,159,737.0,737.0,737.0
07-18-2023_16-28,0,737.0,737.0,737.0
07-18-2023_16-28,1,737.0,737.0,737.0
07-18-2023_16-29,2,737.0,737.0,737.0
07-18-2023_16-30,3,737.0,737.0,737.0
07-18-2023_16-30,4,737.0,737.0,737.0
07-18-2023_16-31,5,737.0,737.0,737.0
07-18-2023_16-31,6,737.0,737.0,737.0
07-18-2023_16-32,7,737.0,737.0,737.0
07-18-2023_16-33,8,737.0,737.0,737.0
07-18-2023_16-33,9,737.0,737.0,737.0
07-18-2023_16-34,10,737.0,737.0,737.0
07-18-2023_17-19,0,527.125,418.0,679.0
07-18-2023_17-21,1,652.0,652.0,652.0
07-18-2023_17-22,2,485.0,340.0,642.0
07-18-2023_17-23,3,542.375,514.0,623.0
07-18-2023_17-24,4,597.875,523.0,717.0
07-18-2023_17-25,5,717.0,717.0,717.0
07-18-2023_17-26,6,485.25,358.0,598.0
07-18-2023_17-27,7,703.0,646.0,760.0
07-18-2023_17-28,8,559.0,559.0,559.0
07-18-2023_17-29,9,524.0,524.0,524.0
07-18-2023_17-30,10,652.0,652.0,652.0
07-18-2023_17-31,11,444.125,-70.0,677.0
07-18-2023_17-37,0,-66.90625,-80.0,339.0
07-18-2023_17-43,0,699.875,673.0,753.0
07-18-2023_17-49,1,635.59375,514.0,761.0
07-18-2023_17-54,2,703.75,514.0,1021.0
07-18-2023_18-01,3,761.0,713.0,809.0
07-18-2023_18-08,4,553.4375,354.0,799.0
07-18-2023_18-14,5,819.5,770.0,869.0
07-18-2023_18-20,6,576.1875,348.0,847.0
07-18-2023_18-27,7,808.5,770.0,847.0
07-18-2023_18-33,8,552.59375,511.0,768.0
07-18-2023_18-40,9,952.0,952.0,952.0
07-18-2023_18-47,10,757.0,757.0,757.0
07-18-2023_18-53,11,507.0625,350.0,768.0
07-18-2023_19-01,12,859.5,836.0,883.0
07-18-2023_19-06,13,544.375,390.0,851.0
07-18-2023_19-11,14,749.75,699.0,913.0
07-18-2023_19-17,15,678.78125,514.0,1010.0
07-18-2023_19-22,16,698.0,514.0,1002.0
07-18-2023_19-27,17,742.0,742.0,742.0
07-18-2023_19-32,18,844.0,844.0,844.0
07-18-2023_19-37,19,638.125,504.0,1018.0
07-18-2023_19-42,20,737.15625,599.0,910.0
07-18-2023_19-47,21,657.21875,513.0,1014.0
07-18-2023_19-53,22,868.0,868.0,868.0
07-18-2023_19-58,23,539.25,353.0,864.0
07-18-2023_20-03,24,919.5,846.0,993.0
07-18-2023_20-08,25,596.96875,378.0,768.0
07-18-2023_20-13,26,926.0,855.0,997.0
07-18-2023_20-18,27,755.375,744.0,838.0
07-18-2023_20-23,28,522.4375,354.0,766.0
07-18-2023_20-28,29,798.0,754.0,842.0
07-18-2023_20-33,30,609.4375,428.0,829.0
07-18-2023_20-38,31,626.0,513.0,1010.0
07-18-2023_20-43,32,648.90625,514.0,767.0
07-18-2023_20-48,33,612.09375,511.0,846.0
07-18-2023_20-53,34,586.1875,353.0,984.0
07-18-2023_20-58,35,808.0,787.0,829.0
07-18-2023_21-03,36,663.96875,513.0,1006.0
07-18-2023_21-08,37,710.5,673.0,748.0
07-18-2023_21-13,38,768.0,768.0,768.0
07-18-2023_21-19,39,522.9375,353.0,682.0
07-18-2023_21-24,40,880.0,752.0,1008.0
07-18-2023_21-29,41,571.34375,349.0,1082.0
07-18-2023_21-34,42,956.5,767.0,1146.0
07-18-2023_21-39,43,754.25,749.0,906.0
07-18-2023_21-44,44,678.875,671.0,844.0
07-18-2023_21-49,45,560.34375,354.0,765.0
07-18-2023_21-54,46,679.34375,609.0,764.0
07-18-2023_21-59,47,542.625,353.0,989.0
07-18-2023_22-04,48,752.5,608.0,897.0
07-18-2023_22-09,49,609.3125,512.0,862.0
07-18-2023_22-14,50,687.5,611.0,764.0
07-18-2023_22-20,51,552.125,435.0,847.0
07-18-2023_22-25,52,758.0,514.0,1002.0
07-18-2023_22-30,53,872.0,872.0,872.0
07-18-2023_22-35,54,516.78125,351.0,856.0
07-18-2023_22-40,55,769.75,750.0,1007.0
07-18-2023_22-45,56,756.625,514.0,1018.0
07-18-2023_22-50,57,611.6875,497.0,843.0
07-18-2023_22-55,58,759.0,749.0,769.0
07-18-2023_23-00,59,832.0,832.0,832.0
07-18-2023_23-05,60,560.0625,352.0,767.0
07-18-2023_23-10,61,1001.0,992.0,1010.0
07-18-2023_23-16,62,570.5625,353.0,873.0
07-18-2023_23-21,63,758.09375,512.0,1157.0
07-18-2023_23-26,64,755.0,755.0,755.0
07-18-2023_23-31,65,559.03125,353.0,818.0
07-18-2023_23-36,66,752.0,752.0,752.0
07-18-2023_23-41,67,762.0,762.0,762.0
07-18-2023_23-46,68,491.875,352.0,752.0
07-18-2023_23-51,69,878.0,768.0,988.0
07-18-2023_23-56,70,755.15625,751.0,863.0
07-19-2023_00-02,71,730.5,606.0,855.0
07-19-2023_00-07,72,548.6875,353.0,767.0
07-19-2023_00-12,73,805.0,769.0,946.0
07-19-2023_00-18,74,738.0,738.0,738.0
07-19-2023_00-23,75,550.8125,334.0,1008.0
07-19-2023_00-28,76,922.0,828.0,1016.0
07-19-2023_00-34,77,998.0,998.0,998.0
07-19-2023_00-39,78,528.0625,353.0,1004.0
07-19-2023_00-44,79,844.0,838.0,850.0
07-19-2023_00-50,80,605.59375,511.0,762.0
07-19-2023_00-55,81,652.25,514.0,887.0
07-19-2023_01-00,82,655.15625,514.0,991.0
07-19-2023_01-06,83,874.5,753.0,996.0
07-19-2023_01-11,84,772.0,772.0,772.0
07-19-2023_01-16,85,807.0,807.0,807.0
07-19-2023_01-22,86,498.15625,352.0,773.0
07-19-2023_01-27,87,759.5,751.0,768.0
07-19-2023_01-32,88,606.84375,511.0,847.0
07-19-2023_01-38,89,698.03125,505.0,1005.0
07-19-2023_01-43,90,750.96875,514.0,1005.0
07-19-2023_01-48,91,823.0,823.0,823.0
07-19-2023_01-54,92,503.03125,354.0,764.0
07-19-2023_01-59,93,801.0,770.0,832.0
07-19-2023_02-05,94,748.625,514.0,1002.0
07-19-2023_02-10,95,567.4375,353.0,971.0
07-19-2023_02-15,96,686.15625,514.0,863.0
07-19-2023_02-21,97,555.4375,354.0,768.0
07-19-2023_02-26,98,801.0,769.0,833.0
07-19-2023_02-31,99,586.5,366.0,896.0
07-20-2023_22-06,0,504.0,504.0,504.0
07-20-2023_22-06,1,823.5,760.0,887.0
07-20-2023_22-11,0,506.65,364.0,741.0
07-20-2023_22-15,1,718.5,677.0,760.0
07-20-2023_22-20,2,734.0,734.0,734.0
07-20-2023_22-25,3,514.45,500.0,632.0
07-20-2023_22-30,4,699.25,504.0,980.0
07-20-2023_22-34,5,562.95,502.0,981.0
07-20-2023_22-39,6,568.8,503.0,983.0
07-20-2023_22-44,7,793.55,739.0,981.0
07-20-2023_22-49,8,738.0,498.0,978.0
07-20-2023_22-54,9,541.1,497.0,816.0
07-20-2023_22-58,10,756.5,755.0,758.0
07-20-2023_23-03,11,606.05,497.0,987.0
07-20-2023_23-08,12,737.0,736.0,738.0
07-20-2023_23-13,13,561.65,504.0,987.0
07-20-2023_23-18,14,867.0,747.0,987.0
07-20-2023_23-22,15,560.4,496.0,1069.0
07-20-2023_23-27,16,734.0,734.0,734.0
07-20-2023_23-32,17,572.95,344.0,988.0
07-20-2023_23-37,18,999.0,985.0,1013.0
07-20-2023_23-42,19,758.15,631.0,996.0
07-20-2023_23-46,20,1009.0,1009.0,1009.0
07-20-2023_23-51,21,752.3,503.0,1006.0
07-20-2023_23-56,22,682.45,504.0,1014.0
07-21-2023_00-00,23,764.0,764.0,764.0
07-21-2023_00-05,24,579.55,500.0,1156.0
07-21-2023_00-09,25,1102.0,1102.0,1102.0
07-21-2023_00-14,26,610.8,501.0,1145.0
07-21-2023_00-18,27,1014.0,1014.0,1014.0
07-21-2023_00-23,28,529.1,503.0,747.0
07-21-2023_00-28,29,682.55,504.0,1170.0
07-21-2023_00-32,30,1007.5,887.0,1128.0
07-21-2023_00-37,31,579.7,503.0,1147.0
07-21-2023_00-41,32,883.5,761.0,1006.0
07-21-2023_00-46,33,571.9,503.0,1014.0
07-21-2023_00-51,34,948.0,745.0,1151.0
07-21-2023_00-57,0,560.25,342.0,1012.0
07-21-2023_01-01,1,663.5,583.0,744.0
07-21-2023_01-05,2,743.4,504.0,990.0
07-21-2023_01-08,3,539.7,504.0,743.0
07-21-2023_01-12,4,742.0,742.0,742.0
07-21-2023_01-16,5,612.05,504.0,987.0
07-21-2023_01-20,6,745.0,745.0,745.0
07-21-2023_01-24,7,544.8,501.0,982.0
07-21-2023_01-28,8,635.85,504.0,744.0
07-21-2023_01-32,9,548.5,503.0,988.0
07-21-2023_01-36,10,749.5,504.0,995.0
07-21-2023_01-40,11,759.1,680.0,981.0
07-21-2023_01-44,12,514.5,342.0,745.0
07-21-2023_01-48,13,1053.5,980.0,1127.0
07-21-2023_01-52,14,563.9,503.0,820.0
07-21-2023_01-56,15,755.95,742.0,985.0
07-21-2023_02-00,16,864.0,744.0,984.0
07-21-2023_02-04,17,613.2,502.0,840.0
07-21-2023_02-08,18,742.0,742.0,742.0
07-21-2023_02-12,19,751.75,674.0,987.0
07-21-2023_02-16,20,746.5,746.0,747.0
07-21-2023_02-20,21,755.65,746.0,885.0
07-21-2023_02-24,22,629.85,504.0,830.0
07-21-2023_02-28,23,866.0,743.0,989.0
07-21-2023_02-32,24,625.0,625.0,625.0
07-21-2023_02-36,25,567.15,498.0,819.0
07-21-2023_02-40,26,865.75,744.0,984.0
07-21-2023_02-44,27,603.65,504.0,822.0
07-21-2023_02-48,28,779.5,741.0,818.0
07-21-2023_02-52,29,747.75,582.0,981.0
07-21-2023_02-56,30,639.65,409.0,996.0
07-21-2023_03-00,31,754.9,743.0,980.0
07-21-2023_03-04,32,555.75,344.0,745.0
07-21-2023_03-08,33,987.0,984.0,990.0
07-21-2023_03-12,34,558.95,479.0,749.0
07-21-2023_03-16,35,743.8,743.0,756.0
07-21-2023_03-20,36,536.05,504.0,989.0
07-21-2023_03-24,37,827.1,744.0,984.0
07-21-2023_03-28,38,624.5,504.0,745.0
07-21-2023_03-32,39,596.45,503.0,997.0
07-21-2023_03-36,40,783.35,744.0,823.0
07-21-2023_03-40,41,638.0,504.0,986.0
07-21-2023_03-44,42,677.8,596.0,746.0
07-21-2023_03-48,43,602.05,504.0,850.0
07-21-2023_03-52,44,743.5,743.0,744.0
07-21-2023_03-56,45,740.3,504.0,982.0
07-21-2023_04-00,46,678.55,503.0,980.0
07-21-2023_04-04,47,704.3,504.0,983.0
07-21-2023_04-08,48,867.0,745.0,989.0
07-21-2023_04-12,49,523.35,344.0,743.0
07-21-2023_04-16,50,862.3,744.0,981.0
07-21-2023_04-20,51,743.0,743.0,743.0
07-21-2023_04-24,52,557.15,343.0,1112.0
07-21-2023_04-28,53,749.0,748.0,750.0
07-21-2023_04-32,54,593.25,504.0,983.0
07-21-2023_04-36,55,746.5,743.0,750.0
07-21-2023_04-40,56,580.35,503.0,906.0
07-21-2023_04-44,57,752.5,749.0,756.0
07-21-2023_04-48,58,572.35,503.0,745.0
07-21-2023_04-52,59,751.0,749.0,753.0
07-21-2023_04-56,60,568.95,503.0,998.0
07-21-2023_05-00,61,603.5,344.0,986.0
07-21-2023_05-04,62,901.0,821.0,981.0
07-21-2023_05-08,63,744.0,744.0,744.0
07-21-2023_05-12,64,553.75,342.0,834.0
07-21-2023_05-16,65,984.0,984.0,984.0
07-21-2023_05-20,66,756.25,744.0,984.0
07-21-2023_05-25,67,602.6,504.0,746.0
07-21-2023_05-29,68,756.0,742.0,979.0
07-21-2023_05-33,69,665.5,504.0,827.0
07-21-2023_05-37,70,745.0,745.0,745.0
07-21-2023_05-41,71,588.65,503.0,981.0
07-21-2023_05-45,72,747.95,684.0,829.0
07-21-2023_05-49,73,551.4,344.0,821.0
07-21-2023_05-53,74,862.0,744.0,980.0
07-21-2023_05-57,75,537.0,504.0,924.0
07-21-2023_06-01,76,679.85,504.0,991.0
07-21-2023_06-05,77,867.0,747.0,987.0
07-21-2023_06-09,78,698.1,504.0,984.0
07-21-2023_06-13,79,656.0,504.0,985.0
07-21-2023_06-17,80,861.0,745.0,977.0
07-21-2023_06-21,81,599.35,503.0,985.0
07-21-2023_06-26,82,784.5,745.0,824.0
07-21-2023_06-30,83,570.7,501.0,749.0
07-21-2023_06-34,84,747.4,743.0,759.0
07-21-2023_06-38,85,592.5,344.0,1124.0
07-21-2023_06-42,86,697.55,504.0,991.0
07-21-2023_06-46,87,745.65,740.0,829.0
07-21-2023_06-50,88,636.75,504.0,755.0
07-21-2023_06-54,89,746.5,742.0,751.0
07-21-2023_06-58,90,757.75,504.0,1110.0
07-21-2023_07-02,91,575.8,344.0,983.0
07-21-2023_07-06,92,791.0,753.0,829.0
07-21-2023_07-11,93,983.0,983.0,983.0
07-21-2023_07-15,94,600.15,348.0,839.0
07-21-2023_07-19,95,745.0,742.0,748.0
07-21-2023_07-24,96,836.0,836.0,836.0
07-21-2023_07-28,97,588.6,502.0,983.0
07-21-2023_07-32,98,983.0,980.0,986.0
07-21-2023_07-36,99,543.35,342.0,744.0
07-21-2023_07-40,100,743.0,743.0,743.0
07-21-2023_07-44,101,547.4,344.0,998.0
07-21-2023_07-49,102,866.0,745.0,987.0
07-21-2023_07-53,103,575.35,344.0,981.0
07-21-2023_07-57,104,867.0,748.0,986.0
07-21-2023_08-01,105,588.15,342.0,984.0
07-21-2023_08-05,106,712.0,681.0,743.0
07-21-2023_08-10,107,549.55,376.0,745.0
07-21-2023_08-14,108,757.6,743.0,984.0
07-21-2023_08-18,109,986.0,986.0,986.0
07-21-2023_08-22,110,591.7,504.0,985.0
07-21-2023_08-27,111,861.5,743.0,980.0
07-21-2023_08-31,112,746.0,746.0,746.0
07-21-2023_08-35,113,986.0,986.0,986.0
07-21-2023_08-39,114,557.95,343.0,819.0
07-21-2023_08-44,115,869.0,747.0,991.0
07-21-2023_08-48,116,592.0,502.0,819.0
07-21-2023_08-52,117,749.5,742.0,757.0
07-21-2023_08-56,118,615.75,504.0,990.0
07-21-2023_09-01,119,952.0,898.0,1006.0
07-21-2023_09-05,120,544.6,344.0,822.0
07-21-2023_09-09,121,912.5,845.0,980.0
07-21-2023_09-14,122,541.65,503.0,843.0
07-21-2023_09-18,123,670.2,504.0,984.0
07-21-2023_09-22,124,591.25,344.0,984.0
07-21-2023_09-26,125,904.5,821.0,988.0
07-21-2023_09-31,126,592.4,504.0,989.0
07-21-2023_09-35,127,751.45,504.0,992.0
07-21-2023_09-39,128,862.5,745.0,980.0
07-21-2023_09-43,129,579.65,504.0,841.0
07-21-2023_09-48,130,758.15,742.0,964.0
07-21-2023_09-52,131,569.2,435.0,751.0
07-21-2023_09-56,132,627.1,504.0,825.0
07-21-2023_10-00,133,572.7,503.0,986.0
07-21-2023_10-05,134,862.0,744.0,980.0
07-21-2023_10-09,135,744.0,744.0,744.0
07-21-2023_10-13,136,556.75,347.0,749.0
07-21-2023_10-18,137,862.0,745.0,979.0
07-21-2023_10-22,138,745.1,504.0,988.0
07-21-2023_10-26,139,756.7,504.0,993.0
07-21-2023_10-31,140,750.0,750.0,750.0
07-21-2023_10-35,141,548.1,502.0,746.0
07-21-2023_10-40,142,788.0,745.0,831.0
07-21-2023_10-44,143,620.05,504.0,984.0
07-21-2023_10-48,144,747.0,743.0,751.0
07-21-2023_10-53,145,741.0,741.0,741.0
07-21-2023_10-57,146,757.8,741.0,982.0
07-21-2023_11-02,147,998.0,998.0,998.0
07-21-2023_11-07,148,556.2,503.0,983.0
07-21-2023_11-11,149,571.6,483.0,982.0
07-21-2023_11-16,150,864.0,744.0,984.0
07-21-2023_11-21,151,573.4,344.0,989.0
07-21-2023_11-25,152,743.0,743.0,743.0
07-21-2023_11-30,153,581.35,438.0,985.0
07-21-2023_11-35,154,596.8,344.0,980.0
07-21-2023_11-39,155,860.5,743.0,978.0
07-21-2023_11-44,156,744.2,744.0,747.0
07-21-2023_11-50,157,749.0,749.0,749.0
07-21-2023_11-54,158,548.75,503.0,743.0
07-21-2023_11-59,159,864.0,742.0,986.0
07-21-2023_12-03,160,617.4,504.0,985.0
07-21-2023_12-08,161,593.95,503.0,821.0
07-21-2023_12-12,162,782.5,743.0,822.0
07-21-2023_12-16,163,600.5,504.0,743.0
07-21-2023_12-20,164,533.3,344.0,745.0
07-21-2023_12-25,165,984.0,984.0,984.0
07-21-2023_12-29,166,751.0,751.0,751.0
07-21-2023_12-33,167,551.5,344.0,1117.0
07-21-2023_12-37,168,925.0,869.0,981.0
07-21-2023_12-42,169,547.8,344.0,823.0
07-21-2023_12-46,170,744.0,744.0,744.0
07-21-2023_12-50,171,987.0,987.0,987.0
07-21-2023_12-54,172,529.85,339.0,981.0
07-21-2023_12-59,173,861.0,741.0,981.0
07-21-2023_13-03,174,743.0,743.0,743.0
07-21-2023_13-07,175,530.3,344.0,745.0
07-21-2023_13-11,176,743.5,743.0,744.0
07-21-2023_13-16,177,600.1,452.0,746.0
07-21-2023_13-20,178,745.0,745.0,745.0
07-21-2023_13-24,179,601.7,344.0,983.0
07-21-2023_13-28,180,982.0,982.0,982.0
07-21-2023_13-33,181,560.2,504.0,820.0
07-21-2023_13-37,182,753.95,504.0,988.0
07-21-2023_13-41,183,747.15,504.0,985.0
07-21-2023_13-46,184,744.0,744.0,744.0
07-21-2023_13-51,185,756.0,744.0,984.0
07-21-2023_13-56,186,550.75,502.0,746.0
07-21-2023_14-00,187,664.5,587.0,742.0
07-21-2023_14-04,188,754.95,743.0,981.0
07-21-2023_14-09,189,628.3,504.0,749.0
07-21-2023_14-13,190,565.0,344.0,827.0
07-21-2023_14-17,191,844.0,745.0,943.0
07-21-2023_14-22,192,611.65,502.0,985.0
07-21-2023_14-27,193,646.05,504.0,928.0
07-21-2023_14-32,194,524.05,503.0,743.0
07-21-2023_14-36,195,743.5,742.0,745.0
07-21-2023_14-40,196,554.85,503.0,742.0
07-21-2023_14-44,197,864.0,745.0,983.0
07-21-2023_14-49,198,540.8,504.0,744.0
07-21-2023_14-52,199,726.1,680.0,981.0
07-21-2023_14-55,200,680.0,680.0,680.0
07-21-2023_14-57,201,680.0,680.0,680.0
07-21-2023_15-00,202,680.0,680.0,680.0
07-21-2023_15-02,203,680.0,680.0,680.0
07-21-2023_15-04,204,680.0,680.0,680.0
07-21-2023_15-06,205,680.0,680.0,680.0
07-21-2023_15-08,206,680.0,680.0,680.0
07-21-2023_15-10,207,680.0,680.0,680.0
07-21-2023_15-13,208,680.0,680.0,680.0
07-21-2023_15-15,209,683.35,680.0,747.0
07-21-2023_15-17,210,680.0,680.0,680.0
07-21-2023_15-19,211,680.0,680.0,680.0
07-21-2023_15-22,212,680.0,680.0,680.0
07-21-2023_15-24,213,683.85,680.0,757.0
07-21-2023_15-26,214,680.05,680.0,681.0
07-21-2023_15-28,215,680.0,680.0,680.0
07-21-2023_15-31,216,680.0,680.0,680.0
07-21-2023_15-33,217,680.0,680.0,680.0
07-21-2023_15-35,218,680.0,680.0,680.0
07-21-2023_15-37,219,680.0,680.0,680.0
07-21-2023_15-39,220,680.0,680.0,680.0
07-21-2023_15-41,221,680.0,680.0,680.0
07-21-2023_15-44,222,696.65,680.0,1013.0
07-21-2023_15-46,223,680.0,680.0,680.0
07-21-2023_15-48,224,680.0,680.0,680.0
07-21-2023_15-50,225,680.0,680.0,680.0
07-21-2023_15-53,226,680.0,680.0,680.0
07-21-2023_15-55,227,680.0,680.0,680.0
07-21-2023_15-57,228,683.15,680.0,743.0
07-21-2023_15-59,229,680.0,680.0,680.0
07-21-2023_16-01,230,680.0,680.0,680.0
07-21-2023_16-04,231,680.0,680.0,680.0
07-21-2023_16-06,232,680.0,680.0,680.0
07-21-2023_16-08,233,680.0,680.0,680.0
07-21-2023_16-10,234,680.0,680.0,680.0
07-21-2023_16-12,235,680.0,680.0,680.0
07-21-2023_16-15,236,680.0,680.0,680.0
07-21-2023_16-17,237,680.0,680.0,680.0
07-21-2023_16-19,238,680.0,680.0,680.0
07-21-2023_16-21,239,680.0,680.0,680.0
07-21-2023_16-23,240,680.0,680.0,680.0
07-21-2023_16-25,241,680.0,680.0,680.0
07-21-2023_16-28,242,680.0,680.0,680.0
07-21-2023_16-30,243,680.0,680.0,680.0
07-21-2023_16-32,244,683.6,680.0,750.0
07-21-2023_16-34,245,680.5,680.0,681.0
07-21-2023_16-36,246,687.2,680.0,824.0
07-21-2023_16-39,247,680.0,680.0,680.0
07-21-2023_16-41,248,680.0,680.0,680.0
07-21-2023_16-43,249,680.0,680.0,680.0
07-21-2023_16-45,250,680.0,680.0,680.0
07-21-2023_16-47,251,680.0,680.0,680.0
07-21-2023_16-49,252,680.0,680.0,680.0
07-21-2023_16-52,253,680.0,680.0,680.0
07-21-2023_16-54,254,680.0,680.0,680.0
07-21-2023_16-56,255,680.0,680.0,680.0
07-21-2023_16-58,256,680.0,680.0,680.0
07-21-2023_17-00,257,680.0,680.0,680.0
07-21-2023_17-02,258,680.0,680.0,680.0
07-21-2023_17-05,259,680.0,680.0,680.0
07-21-2023_17-07,260,680.0,680.0,680.0
07-21-2023_17-09,261,680.0,680.0,680.0
07-21-2023_17-11,262,680.0,680.0,680.0
07-21-2023_17-14,263,680.1,680.0,682.0
07-21-2023_17-16,264,680.1,680.0,682.0
07-21-2023_17-18,265,680.05,680.0,681.0
07-21-2023_17-20,266,680.0,680.0,680.0
07-21-2023_17-22,267,680.0,680.0,680.0
07-21-2023_17-25,268,680.0,680.0,680.0
07-21-2023_17-27,269,680.0,680.0,680.0
07-21-2023_17-29,270,680.0,680.0,680.0
07-21-2023_17-31,271,680.0,680.0,680.0
07-21-2023_17-33,272,680.0,680.0,680.0
07-21-2023_17-36,273,680.0,680.0,680.0
07-21-2023_17-38,274,680.0,680.0,680.0
07-21-2023_17-40,275,680.0,680.0,680.0
07-21-2023_17-42,276,680.0,680.0,680.0
07-21-2023_17-44,277,680.0,680.0,680.0
07-21-2023_17-47,278,683.3,680.0,746.0
07-21-2023_17-49,279,680.05,680.0,681.0
07-21-2023_17-51,280,680.0,680.0,680.0
07-21-2023_17-53,281,680.0,680.0,680.0
07-21-2023_17-56,282,680.0,680.0,680.0
07-21-2023_17-58,283,680.0,680.0,680.0
07-21-2023_18-00,284,680.0,680.0,680.0
07-21-2023_18-02,285,680.0,680.0,680.0
07-21-2023_18-04,286,680.0,680.0,680.0
07-21-2023_18-07,287,680.0,680.0,680.0
07-21-2023_18-09,288,680.0,680.0,680.0
07-21-2023_18-11,289,680.0,680.0,680.0
07-21-2023_18-13,290,680.0,680.0,680.0
07-21-2023_18-16,291,680.0,680.0,680.0
07-21-2023_18-18,292,695.2,680.0,984.0
07-21-2023_18-21,293,711.1,680.0,744.0
07-21-2023_18-24,294,746.0,746.0,746.0
07-21-2023_18-28,295,510.3,344.0,984.0
07-21-2023_18-32,296,903.5,825.0,982.0
07-21-2023_18-36,297,826.15,826.0,829.0
07-21-2023_18-41,298,983.0,983.0,983.0
07-21-2023_18-45,299,626.2,344.0,986.0
07-21-2023_18-49,300,710.0,678.0,742.0
07-21-2023_18-53,301,680.8,344.0,986.0
07-21-2023_18-58,302,826.0,825.0,827.0
07-21-2023_19-02,303,626.65,344.0,981.0
07-21-2023_19-06,304,823.0,822.0,824.0
07-21-2023_19-10,305,588.45,344.0,983.0
07-21-2023_19-15,306,752.0,678.0,826.0
07-21-2023_19-19,307,982.0,982.0,982.0
07-21-2023_19-23,308,606.15,504.0,821.0
07-21-2023_19-27,309,690.8,582.0,985.0
07-21-2023_19-31,310,903.5,824.0,983.0
07-21-2023_19-35,311,511.65,344.0,825.0
07-21-2023_19-39,312,826.0,825.0,827.0
07-21-2023_19-43,313,722.45,586.0,984.0
07-21-2023_19-47,314,861.5,746.0,977.0
07-21-2023_19-52,315,984.0,984.0,984.0
07-21-2023_19-56,316,533.25,344.0,823.0
07-21-2023_20-00,317,832.9,823.0,985.0
07-21-2023_20-04,318,653.2,504.0,985.0
07-21-2023_20-08,319,708.95,586.0,825.0
07-21-2023_20-12,320,723.8,679.0,824.0
07-21-2023_20-17,321,795.9,746.0,981.0
07-21-2023_20-21,322,618.2,504.0,983.0
07-21-2023_20-26,323,746.35,742.0,827.0
07-21-2023_20-31,324,526.7,344.0,822.0
07-21-2023_20-35,325,823.5,823.0,824.0
07-21-2023_20-40,326,640.1,504.0,827.0
07-21-2023_20-44,327,905.5,827.0,984.0
07-21-2023_20-49,328,627.8,504.0,983.0
07-21-2023_20-53,329,752.0,679.0,825.0
07-21-2023_20-58,330,745.65,680.0,824.0
07-21-2023_21-02,331,631.3,504.0,986.0
07-21-2023_21-07,332,783.0,744.0,822.0
07-21-2023_21-12,333,825.0,825.0,825.0
07-21-2023_21-16,334,638.45,504.0,985.0
07-21-2023_21-21,335,827.75,678.0,982.0
07-21-2023_21-26,336,610.7,504.0,825.0
07-21-2023_21-30,337,831.0,679.0,983.0
07-21-2023_21-35,338,549.55,344.0,825.0
07-21-2023_21-40,339,985.0,985.0,985.0
07-21-2023_21-44,340,605.6,504.0,824.0
07-21-2023_21-48,341,692.8,585.0,824.0
07-21-2023_21-52,342,751.6,680.0,825.0
07-21-2023_21-55,343,680.0,680.0,680.0
07-21-2023_21-57,344,680.0,680.0,680.0
07-21-2023_22-00,345,680.0,680.0,680.0
07-21-2023_22-02,346,680.0,680.0,680.0
07-21-2023_22-04,347,680.0,680.0,680.0
07-21-2023_22-07,348,680.0,680.0,680.0
07-21-2023_22-09,349,680.0,680.0,680.0
07-21-2023_22-12,350,680.0,680.0,680.0
07-21-2023_22-14,351,680.0,680.0,680.0
07-21-2023_22-16,352,680.0,680.0,680.0
07-21-2023_22-19,353,682.35,680.0,727.0
07-21-2023_22-21,354,956.9,680.0,1911.0
07-21-2023_22-24,355,1525.3,1344.0,1695.0
07-21-2023_22-28,356,1259.5,737.0,1905.0
07-21-2023_22-32,357,1709.5,1707.0,1712.0
07-21-2023_22-36,358,1774.0,1774.0,1774.0
07-21-2023_22-39,359,1470.0,1470.0,1470.0
07-21-2023_22-42,360,1229.7,1096.0,1637.0
07-21-2023_22-46,361,1520.5,1408.0,1633.0
07-21-2023_22-49,362,1284.3,1077.0,1774.0
07-21-2023_22-53,363,1945.5,1865.0,2026.0
07-21-2023_22-57,364,1498.05,1442.0,1835.0
07-21-2023_23-00,365,1356.9,1126.0,1833.0
07-21-2023_23-03,366,1534.45,1528.0,1650.0
07-21-2023_23-07,367,1218.4,737.0,1588.0
07-21-2023_23-10,368,1674.5,1634.0,1715.0
07-21-2023_23-13,369,1355.5,1107.0,1733.0
07-21-2023_23-17,370,1573.5,1523.0,1624.0
07-21-2023_23-21,371,1212.05,736.0,1673.0
07-21-2023_23-24,372,1754.0,1754.0,1754.0
07-21-2023_23-27,373,1318.1,1099.0,1827.0
07-21-2023_23-31,374,1833.0,1529.0,2137.0
07-21-2023_23-35,375,1138.4,714.0,1751.0
07-21-2023_23-38,376,1551.5,1527.0,1576.0
07-21-2023_23-42,377,1598.0,1598.0,1598.0
07-21-2023_23-46,378,1224.1,727.0,1685.0
07-21-2023_23-49,379,1648.5,1521.0,1776.0
07-21-2023_23-53,380,1497.0,1497.0,1497.0
07-21-2023_23-57,381,1237.35,734.0,1849.0
07-22-2023_00-00,382,1642.5,1579.0,1706.0
07-22-2023_00-04,383,1667.0,1667.0,1667.0
07-22-2023_00-08,384,1134.8,730.0,1665.0
07-22-2023_00-11,385,1563.0,1486.0,1640.0
07-22-2023_00-15,386,1834.0,1834.0,1834.0
07-22-2023_00-18,387,1809.0,1809.0,1809.0
07-22-2023_00-22,388,1363.0,715.0,2024.0
07-22-2023_00-27,389,1895.5,1878.0,1913.0
07-22-2023_00-31,390,1547.5,1111.0,2100.0
07-22-2023_00-34,391,1975.5,1845.0,2106.0
07-22-2023_00-39,392,1625.95,1612.0,1710.0
07-22-2023_00-42,393,1820.5,1813.0,1828.0
07-22-2023_00-46,394,1695.65,1337.0,2171.0
07-22-2023_00-51,395,1864.5,1590.0,2139.0
07-23-2023_22-42,0,1057.0,1057.0,1057.0
07-23-2023_22-43,1,1031.75,582.0,1490.0
07-23-2023_22-53,0,1543.3,1467.0,1841.0
07-23-2023_22-58,1,1665.85,1210.0,2455.0
07-23-2023_23-02,2,1421.7,1116.0,1856.0
07-23-2023_23-06,3,1344.75,1099.0,1875.0
07-23-2023_23-12,4,1682.0,1681.0,1683.0
07-23-2023_23-17,5,1255.25,582.0,2018.0
07-23-2023_23-22,6,1503.75,1436.0,1891.0
07-23-2023_23-26,7,1917.0,1917.0,1917.0
07-23-2023_23-31,8,1113.6,582.0,2080.0
07-23-2023_23-36,9,1834.5,1779.0,1890.0
07-23-2023_23-41,10,1612.0,1612.0,1612.0
07-23-2023_23-45,11,1035.8,582.0,1951.0
07-23-2023_23-50,12,1963.0,1949.0,1977.0
07-23-2023_23-55,13,1281.5,582.0,1971.0
07-23-2023_23-59,14,1619.6,1408.0,1861.0
07-24-2023_00-04,15,1218.25,835.0,1675.0
07-24-2023_00-09,16,2055.0,2055.0,2055.0
07-24-2023_00-14,17,1333.35,825.0,1904.0
07-24-2023_00-19,18,1567.5,1253.0,1882.0
07-24-2023_00-23,19,1282.95,717.0,2840.0
07-24-2023_00-28,20,2105.5,1889.0,2322.0
07-24-2023_00-32,21,2248.05,1871.0,2680.0
07-24-2023_00-35,22,1802.5,1619.0,2548.0
07-24-2023_00-39,23,2815.0,2807.0,2823.0
07-24-2023_00-44,24,2202.55,1958.0,2673.0
07-24-2023_11-11,0,1551.9,1035.0,2365.0
07-24-2023_11-16,1,2183.5,2146.0,2221.0
07-24-2023_11-20,2,1697.15,1346.0,2212.0
07-24-2023_11-25,3,2269.0,2176.0,2362.0
07-24-2023_11-29,4,1945.0,1945.0,1945.0
07-24-2023_11-33,5,1812.6,1787.0,2245.0
07-24-2023_11-38,6,1833.0,1833.0,1833.0
07-24-2023_11-42,7,1877.85,1647.0,2397.0
07-24-2023_11-46,8,1884.1,1792.0,2586.0
07-24-2023_11-50,9,1794.45,1526.0,2034.0
07-24-2023_11-54,10,1870.0,1870.0,1870.0
07-24-2023_11-59,11,1471.7,758.0,2202.0
07-24-2023_12-03,12,1956.6,1945.0,2072.0
07-24-2023_12-08,13,1925.55,1626.0,2292.0
07-24-2023_12-12,14,1940.9,1585.0,2290.0
07-24-2023_12-16,15,1888.9,1435.0,2433.0
07-24-2023_12-20,16,2707.0,2707.0,2707.0
07-24-2023_12-23,17,2151.15,1693.0,2661.0
07-24-2023_12-27,18,2376.4,2280.0,2963.0
07-24-2023_12-31,19,3194.0,3194.0,3194.0
07-24-2023_12-34,20,2080.1,1444.0,3453.0
07-24-2023_12-38,21,2758.5,2751.0,2766.0
07-24-2023_12-42,22,2231.65,1499.0,3444.0
07-24-2023_12-45,23,2408.0,2319.0,2497.0
07-24-2023_12-49,24,2285.7,2252.0,2808.0
07-24-2023_12-52,25,2473.5,2234.0,3105.0
07-24-2023_12-56,26,2231.15,2185.0,2273.0
07-24-2023_13-00,27,1985.85,1073.0,3552.0
07-24-2023_13-03,28,2802.0,2666.0,2938.0
07-24-2023_13-07,29,2489.0,2489.0,2489.0
07-24-2023_13-11,30,1878.6,1423.0,2963.0
07-24-2023_13-14,31,3110.85,2988.0,3393.0
07-24-2023_13-18,32,2689.0,2680.0,2698.0
07-24-2023_13-21,33,1770.05,1088.0,2848.0
07-24-2023_13-25,34,2755.25,2576.0,2975.0
07-24-2023_13-28,35,2491.5,2453.0,2530.0
07-24-2023_13-32,36,2195.85,1503.0,2908.0
07-24-2023_13-36,37,2525.5,2455.0,2596.0
07-24-2023_13-40,38,2269.0,2269.0,2269.0
07-24-2023_13-44,39,2491.0,2491.0,2491.0
07-24-2023_13-48,40,2171.0,2171.0,2171.0
07-24-2023_13-52,41,1726.85,582.0,2390.0
07-24-2023_13-56,42,2516.0,2468.0,2564.0
07-24-2023_14-00,43,2062.8,1532.0,2623.0
07-24-2023_14-04,44,2339.0,2339.0,2339.0
07-24-2023_14-08,45,2455.0,2455.0,2455.0
07-24-2023_14-12,46,1840.75,1435.0,3039.0
07-24-2023_14-15,47,2230.05,1763.0,2735.0
07-24-2023_14-19,48,2279.5,2103.0,2456.0
07-24-2023_14-23,49,2390.05,2208.0,2627.0
07-24-2023_14-26,50,2229.5,1650.0,2921.0
07-24-2023_14-30,51,2648.0,2573.0,2723.0
07-24-2023_14-33,52,2669.0,2669.0,2669.0
07-24-2023_14-36,53,2020.55,1881.0,2512.0
07-24-2023_14-40,54,2258.75,2204.0,2717.0
07-24-2023_14-43,55,1891.55,1082.0,3026.0
07-24-2023_14-46,56,2354.0,2224.0,2484.0
07-24-2023_14-50,57,2368.0,2368.0,2368.0
07-24-2023_14-53,58,1964.15,1457.0,2921.0
07-24-2023_14-57,59,2533.05,2394.0,3375.0
07-24-2023_15-00,60,1923.0,1572.0,2521.0
07-24-2023_15-03,61,2506.5,2458.0,2555.0
07-24-2023_15-06,62,2536.1,2511.0,2905.0
07-24-2023_15-10,63,2341.1,1623.0,3391.0
07-24-2023_15-13,64,2665.0,2665.0,2665.0
07-24-2023_15-17,65,2351.5,2348.0,2398.0
07-24-2023_15-20,66,2048.45,1436.0,2977.0
07-24-2023_15-24,67,2591.5,2392.0,2791.0
07-24-2023_15-27,68,1874.3,1291.0,2726.0
07-24-2023_15-31,69,2803.0,2685.0,2921.0
07-24-2023_15-35,70,2666.0,2666.0,2666.0
07-24-2023_15-38,71,2334.4,1995.0,2814.0
07-24-2023_15-42,72,2679.0,2679.0,2679.0
07-24-2023_15-45,73,2029.9,1477.0,2684.0
07-24-2023_15-49,74,3021.0,2817.0,3225.0
07-24-2023_15-52,75,2944.0,2944.0,2944.0
07-24-2023_15-55,76,1962.85,1082.0,2957.0
07-24-2023_15-59,77,2751.5,2301.0,3202.0
07-24-2023_16-03,78,2208.15,2183.0,2452.0
07-24-2023_16-06,79,2637.5,2603.0,2672.0
07-26-2023_22-55,0,1204.0,1204.0,1204.0
07-26-2023_23-00,1,1016.2333333333333,1002.0,1241.0
07-26-2023_23-06,2,926.9666666666667,540.0,1598.0
07-26-2023_23-11,3,1071.8333333333333,544.0,1989.0
07-26-2023_23-16,4,2024.1666666666667,1790.0,2256.0
07-26-2023_23-21,5,2210.3333333333335,2187.0,2859.0
07-26-2023_23-25,6,2240.0,1985.0,2495.0
07-26-2023_23-30,7,1789.2,1368.0,2440.0
07-26-2023_23-35,8,2863.0,2863.0,2863.0
07-27-2023_15-07,9,2039.8666666666666,1626.0,2646.0
07-27-2023_15-11,10,1766.4,1218.0,3037.0
07-27-2023_15-16,11,2912.0,2912.0,2912.0
07-27-2023_15-21,12,1883.8,1254.0,2412.0
07-27-2023_15-26,13,2417.0,2417.0,2417.0
07-27-2023_15-31,14,1869.8333333333333,1461.0,2676.0
07-27-2023_15-36,15,2440.5,2153.0,2728.0
07-27-2023_15-40,16,2327.0,2327.0,2327.0
07-27-2023_15-46,17,1960.6,1671.0,2866.0
07-27-2023_15-50,18,1876.8,1765.0,2205.0
07-27-2023_15-55,19,2163.733333333333,1835.0,2597.0
07-27-2023_15-59,20,2025.5,1844.0,2207.0
07-27-2023_16-03,21,1940.6333333333334,1791.0,2323.0
07-27-2023_16-07,22,2451.0,2069.0,2833.0
07-27-2023_16-12,23,2494.0,2494.0,2494.0
07-27-2023_16-15,24,1801.5,1096.0,2684.0
07-27-2023_16-19,25,2716.5,2658.0,2775.0
07-27-2023_16-23,26,2196.5,1805.0,3044.0
07-27-2023_16-26,27,2641.0,2560.0,2722.0
07-27-2023_16-30,28,2519.733333333333,2504.0,2752.0
07-27-2023_16-34,29,2594.0,2401.0,2787.0
07-27-2023_16-38,30,2280.4666666666667,2106.0,2583.0
07-27-2023_16-42,31,2227.733333333333,2073.0,2714.0
07-27-2023_16-46,32,2328.0333333333333,2242.0,2776.0
07-27-2023_16-49,33,2332.266666666667,1825.0,3054.0
07-27-2023_16-53,34,1985.3,1654.0,3156.0
07-27-2023_16-57,35,2653.0,2545.0,2761.0
07-27-2023_17-01,36,2018.9333333333334,1441.0,3165.0
07-27-2023_17-05,37,2661.0,2556.0,2766.0
07-27-2023_17-09,38,1851.8333333333333,700.0,2979.0
07-27-2023_17-13,39,2832.0,2736.0,2928.0
07-31-2023_16-34,0,716.0,709.0,728.0
07-31-2023_16-34,1,719.5,715.0,724.0
07-31-2023_16-35,2,717.0,717.0,717.0
07-31-2023_16-35,3,717.25,711.0,728.0
07-31-2023_16-35,4,712.25,705.0,723.0
07-31-2023_16-35,5,717.5,714.0,721.0
07-31-2023_16-35,6,722.0,722.0,722.0
07-31-2023_16-36,7,711.0,707.0,716.0
07-31-2023_16-36,8,715.0,715.0,715.0
07-31-2023_16-36,9,712.75,708.0,725.0
07-31-2023_16-36,10,717.0,717.0,717.0
07-31-2023_16-36,11,713.0,713.0,713.0
07-31-2023_16-37,12,713.0,696.0,722.0
07-31-2023_16-37,13,721.0,719.0,722.0
07-31-2023_16-37,14,715.0,714.0,716.0
07-31-2023_16-37,15,723.0,723.0,723.0
07-31-2023_16-37,16,714.25,714.0,715.0
07-31-2023_16-38,17,716.5,716.0,717.0
07-31-2023_16-38,18,715.0,715.0,715.0
07-31-2023_16-38,19,719.0,719.0,719.0
07-31-2023_16-38,20,714.0,714.0,714.0
07-31-2023_16-38,21,722.0,722.0,722.0
07-31-2023_16-39,22,709.75,697.0,724.0
07-31-2023_16-39,23,715.5,714.0,717.0
07-31-2023_16-39,24,711.75,700.0,722.0
07-31-2023_16-39,25,710.25,706.0,716.0
07-31-2023_16-39,26,721.0,719.0,723.0
07-31-2023_16-39,27,723.0,723.0,723.0
07-31-2023_16-40,28,723.0,723.0,723.0
07-31-2023_16-40,29,718.0,718.0,718.0
07-31-2023_16-40,30,707.75,705.0,715.0
07-31-2023_16-40,31,720.0,713.0,725.0
07-31-2023_16-40,32,706.25,703.0,710.0
07-31-2023_16-41,33,716.0,716.0,716.0
